Zipcode,Name
10029,East Harlem
10035,East Harlem
10026,Central Harlem - Morningside Heights
10027,Central Harlem - Morningside Heights
10030,Central Harlem - Morningside Heights
10037,Central Harlem - Morningside Heights
10039,Central Harlem - Morningside Heights
10001,Chelsea - Clinton
10011,Chelsea - Clinton
10018,Chelsea - Clinton
10019,Chelsea - Clinton
10020,Chelsea - Clinton
10036,Chelsea - Clinton
11220,Sunset Park
11232,Sunset Park
11206,Williamsburg - Bushwick
11221,Williamsburg - Bushwick
11237,Williamsburg - Bushwick
11211,Greenpoint
11222,Greenpoint
10023,Upper West Side
10024,Upper West Side
10025,Upper West Side
10069,Upper West Side
10021,Upper East Side
10028,Upper East Side
10044,Upper East Side
10065,Upper East Side
10075,Upper East Side
10128,Upper East Side
10004,Lower Manhattan
10005,Lower Manhattan
10006,Lower Manhattan
10007,Lower Manhattan
10038,Lower Manhattan
10280,Lower Manhattan
11236,East Flatbush - Flatbush
11203,East Flatbush - Flatbush
11212,East Flatbush - Flatbush
11205,Bedford Stuyvesant - Crown Heights
11206,Bedford Stuyvesant - Crown Heights
11216,Bedford Stuyvesant - Crown Heights
11221,Bedford Stuyvesant - Crown Heights
11233,Bedford Stuyvesant - Crown Heights
11238,Bedford Stuyvesant - Crown Heights
11365,Fresh Meadows
11366,Fresh Meadows
11204,Borough Park
11218,Borough Park
11219,Borough Park
11230,Borough Park
11234,Canarsie - Flatlands
11236,Canarsie - Flatlands
11239,Canarsie - Flatlands
11423,Jamaica
11432,Jamaica
11433,Jamaica
11434,Jamaica
11435,Jamaica
11436,Jamaica
11354,Flushing - Clearview
11355,Flushing - Clearview
11358,Flushing - Clearview
11697,Rockaways
11694,Rockaways
11693,Rockaways
11692,Rockaways
11691,Rockaways
10463,Kingsbridge - Riverdale
10471,Kingsbridge - Riverdale
11204,Bensonhurst - Bay Ridge
11214,Bensonhurst - Bay Ridge
10031,Washington Heights
10032,Washington Heights
10033,Washington Heights
10034,Washington Heights
10040,Washington Heights
10452,High Bridge - Morrisania
10456,High Bridge - Morrisania
10459,High Bridge - Morrisania
10466,Northeast Bronx
10469,Northeast Bronx
10470,Northeast Bronx
10475,Northeast Bronx
10301,Stapleton - St. George
10304,Stapleton - St. George
10305,Stapleton - St. George
10302,Port Richmond
10303,Port Richmond
10310,Port Richmond
10533,Pelham - Throgs Neck
10803,Pelham - Throgs Neck
10003,Union Square - Lower East Side
10002,Union Square - Lower East Side
11415,Southwest Queens
11414,Southwest Queens
11416,Southwest Queens
11417,Southwest Queens
11418,Southwest Queens
11419,Southwest Queens
11420,Southwest Queens
11421,Southwest Queens
11368,West Queens
11369,West Queens
11370,West Queens
11372,West Queens
11373,West Queens
11377,West Queens
11378,West Queens
11224,Coney Island - Sheepshead Bay
11223,Coney Island - Sheepshead Bay
11235,Coney Island - Sheepshead Bay
11229,Coney Island - Sheepshead Bay
11101,Long Island City - Astoria
11109,Long Island City - Astoria
11120,Long Island City - Astoria
11102,Long Island City - Astoria
11103,Long Island City - Astoria
11104,Long Island City - Astoria
11105,Long Island City - Astoria
11106,Long Island City - Astoria
10012,Greenwich Village - SoHo
10013,Greenwich Village - SoHo
10014,Greenwich Village - SoHo
11360,Bayside - Little Neck
11361,Bayside - Little Neck
11364,Bayside - Little Neck
10453,Fordham - Bronx Pk
10457,Fordham - Bronx Pk
10458,Fordham - Bronx Pk
10468,Fordham - Bronx Pk
11385,Ridgewood - Forest Hills
11375,Ridgewood - Forest Hills
11207,East New York
11208,East New York
11239,East New York
10520,Crotona -Tremont
10457,Crotona -Tremont
11004,Southeast Queens
11005,Southeast Queens
11411,Southeast Queens
11413,Southeast Queens
11422,Southeast Queens
11426,Southeast Queens
11427,Southeast Queens
11428,Southeast Queens
11429,Southeast Queens
10314,Willowbrook
10474,Hunts Point - Mott Haven
10451,Hunts Point - Mott Haven
10454,Hunts Point - Mott Haven
10455,Hunts Point - Mott Haven
10305,South Beach - Tottenville
10307,South Beach - Tottenville
10309,South Beach - Tottenville
10010,Gramercy Park - Murray Hill
10016,Gramercy Park - Murray Hill
10017,Gramercy Park - Murray Hill
10022,Gramercy Park - Murray Hill